<?xml version="1.0"?>
<!DOCTYPE display PUBLIC "-//Liferay//DTD Display 6.2.0//EN" "http://www.liferay.com/dtd/liferay-display_6_2_0.dtd">

<display>
	
	<category name="category.sample">
		<portlet id="qcsms"></portlet>
	</category>
	<category name="category.journal">
		<portlet id="student-class-admin"></portlet>
	</category>
	<category name="category.tools">
		<portlet id="student-admin"></portlet>
	</category>
	<category name="category.content">
		<portlet id="discipline-code-admin"></portlet>
	</category>
</display>