<?xml version="1.0"?>

<model-hints>
	<model name="com.qc.qcsms.model.DisciplineCode">
		<field name="uuid" type="String" />
		<field name="disciplineCodeId" type="long" />
		<field name="groupId" type="long" />
		<field name="companyId" type="long" />
		<field name="userId" type="long" />
		<field name="userName" type="String" />
		<field name="createDate" type="Date" />
		<field name="modifiedDate" type="Date" />
		<field name="assignedCode" type="String" />
		<field name="description" type="String" />
		<field name="severity" type="String" />
	</model>
	<model name="com.qc.qcsms.model.Student">
		<field name="uuid" type="String" />
		<field name="groupId" type="long" />
		<field name="companyId" type="long" />
		<field name="userId" type="long" />
		<field name="userName" type="String" />
		<field name="createDate" type="Date" />
		<field name="modifiedDate" type="Date" />
		<field name="studentId" type="long" />
		<field name="classId" type="long" />
		<field name="studentName" type="String" />
		<field name="classNo" type="int" />
	</model>
	<model name="com.qc.qcsms.model.StudentClass">
		<field name="uuid" type="String" />
		<field name="classId" type="long" />
		<field name="formNo" type="int" />
		<field name="classCode" type="String" />
		<field name="groupId" type="long" />
		<field name="companyId" type="long" />
		<field name="userId" type="long" />
		<field name="userName" type="String" />
		<field name="createDate" type="Date" />
		<field name="modifiedDate" type="Date" />
	</model>
</model-hints>