<?xml version="1.0"?>

<beans xmlns="http://www.springframework.org/schema/beans" xmlns:xsi="http://www.w3.org/2001/XMLSchema-instance" default-destroy-method="destroy" default-init-method="afterPropertiesSet" xsi:schemaLocation="http://www.springframework.org/schema/beans http://www.springframework.org/schema/beans/spring-beans-3.0.xsd">
	<bean id="com.qc.qcsms.service.AbsenceCodeLocalService" class="com.qc.qcsms.service.impl.AbsenceCodeLocalServiceImpl" />
	<bean id="com.qc.qcsms.service.persistence.AbsenceCodePersistence" class="com.qc.qcsms.service.persistence.AbsenceCodePersistenceImpl" parent="basePersistence" />
	<bean id="com.qc.qcsms.service.AbsenceEventLocalService" class="com.qc.qcsms.service.impl.AbsenceEventLocalServiceImpl" />
	<bean id="com.qc.qcsms.service.persistence.AbsenceEventPersistence" class="com.qc.qcsms.service.persistence.AbsenceEventPersistenceImpl" parent="basePersistence" />
	<bean id="com.qc.qcsms.service.DisciplineCodeLocalService" class="com.qc.qcsms.service.impl.DisciplineCodeLocalServiceImpl" />
	<bean id="com.qc.qcsms.service.persistence.DisciplineCodePersistence" class="com.qc.qcsms.service.persistence.DisciplineCodePersistenceImpl" parent="basePersistence" />
	<bean id="com.qc.qcsms.service.DisciplineEventLocalService" class="com.qc.qcsms.service.impl.DisciplineEventLocalServiceImpl" />
	<bean id="com.qc.qcsms.service.persistence.DisciplineEventPersistence" class="com.qc.qcsms.service.persistence.DisciplineEventPersistenceImpl" parent="basePersistence" />
	<bean id="com.qc.qcsms.service.PenaltyCodeLocalService" class="com.qc.qcsms.service.impl.PenaltyCodeLocalServiceImpl" />
	<bean id="com.qc.qcsms.service.persistence.PenaltyCodePersistence" class="com.qc.qcsms.service.persistence.PenaltyCodePersistenceImpl" parent="basePersistence" />
	<bean id="com.qc.qcsms.service.StudentLocalService" class="com.qc.qcsms.service.impl.StudentLocalServiceImpl" />
	<bean id="com.qc.qcsms.service.persistence.StudentPersistence" class="com.qc.qcsms.service.persistence.StudentPersistenceImpl" parent="basePersistence" />
	<bean id="com.qc.qcsms.service.StudentClassLocalService" class="com.qc.qcsms.service.impl.StudentClassLocalServiceImpl" />
	<bean id="com.qc.qcsms.service.persistence.StudentClassPersistence" class="com.qc.qcsms.service.persistence.StudentClassPersistenceImpl" parent="basePersistence" />
</beans>