<?xml version="1.0"?>
<!DOCTYPE hibernate-mapping PUBLIC "-//Hibernate/Hibernate Mapping DTD 3.0//EN" "http://hibernate.sourceforge.net/hibernate-mapping-3.0.dtd">

<hibernate-mapping default-lazy="false" auto-import="false">
	<import class="com.qc.qcsms.model.AbsenceCode" />
	<import class="com.qc.qcsms.model.AbsenceEvent" />
	<import class="com.qc.qcsms.model.DisciplineCode" />
	<import class="com.qc.qcsms.model.DisciplineEvent" />
	<import class="com.qc.qcsms.model.PenaltyCode" />
	<import class="com.qc.qcsms.model.Student" />
	<import class="com.qc.qcsms.model.StudentClass" />
	<class name="com.qc.qcsms.model.impl.AbsenceCodeImpl" table="qc_AbsenceCode">
		<cache usage="read-write" />
		<id name="absenceCodeId" type="long">
			<generator class="assigned" />
		</id>
		<property name="uuid" type="com.liferay.portal.dao.orm.hibernate.StringType" column="uuid_" />
		<property name="groupId" type="com.liferay.portal.dao.orm.hibernate.LongType" />
		<property name="companyId" type="com.liferay.portal.dao.orm.hibernate.LongType" />
		<property name="userId" type="com.liferay.portal.dao.orm.hibernate.LongType" />
		<property name="userName" type="com.liferay.portal.dao.orm.hibernate.StringType" />
		<property name="createDate" type="org.hibernate.type.TimestampType" />
		<property name="modifiedDate" type="org.hibernate.type.TimestampType" />
		<property name="assignedCode" type="com.liferay.portal.dao.orm.hibernate.StringType" />
		<property name="description" type="com.liferay.portal.dao.orm.hibernate.StringType" />
	</class>
	<class name="com.qc.qcsms.model.impl.AbsenceEventImpl" table="qc_AbsenceEvent">
		<cache usage="read-write" />
		<id name="absenceEventId" type="long">
			<generator class="assigned" />
		</id>
		<property name="uuid" type="com.liferay.portal.dao.orm.hibernate.StringType" column="uuid_" />
		<property name="groupId" type="com.liferay.portal.dao.orm.hibernate.LongType" />
		<property name="companyId" type="com.liferay.portal.dao.orm.hibernate.LongType" />
		<property name="userId" type="com.liferay.portal.dao.orm.hibernate.LongType" />
		<property name="userName" type="com.liferay.portal.dao.orm.hibernate.StringType" />
		<property name="createDate" type="org.hibernate.type.TimestampType" />
		<property name="modifiedDate" type="org.hibernate.type.TimestampType" />
		<property name="studentId" type="com.liferay.portal.dao.orm.hibernate.LongType" />
		<property name="absenceCodeId" type="com.liferay.portal.dao.orm.hibernate.LongType" />
		<property name="absenceDescription" type="com.liferay.portal.dao.orm.hibernate.StringType" />
		<property name="absenceDate" type="org.hibernate.type.TimestampType" />
		<property name="wholeDayInd" type="com.liferay.portal.dao.orm.hibernate.StringType" />
	</class>
	<class name="com.qc.qcsms.model.impl.DisciplineCodeImpl" table="qc_DisciplineCode">
		<cache usage="read-write" />
		<id name="disciplineCodeId" type="long">
			<generator class="assigned" />
		</id>
		<property name="uuid" type="com.liferay.portal.dao.orm.hibernate.StringType" column="uuid_" />
		<property name="groupId" type="com.liferay.portal.dao.orm.hibernate.LongType" />
		<property name="companyId" type="com.liferay.portal.dao.orm.hibernate.LongType" />
		<property name="userId" type="com.liferay.portal.dao.orm.hibernate.LongType" />
		<property name="userName" type="com.liferay.portal.dao.orm.hibernate.StringType" />
		<property name="createDate" type="org.hibernate.type.TimestampType" />
		<property name="modifiedDate" type="org.hibernate.type.TimestampType" />
		<property name="assignedCode" type="com.liferay.portal.dao.orm.hibernate.StringType" />
		<property name="description" type="com.liferay.portal.dao.orm.hibernate.StringType" />
		<property name="severity" type="com.liferay.portal.dao.orm.hibernate.StringType" />
	</class>
	<class name="com.qc.qcsms.model.impl.DisciplineEventImpl" table="qc_DisciplineEvent">
		<cache usage="read-write" />
		<id name="disciplineEventId" type="long">
			<generator class="assigned" />
		</id>
		<property name="uuid" type="com.liferay.portal.dao.orm.hibernate.StringType" column="uuid_" />
		<property name="groupId" type="com.liferay.portal.dao.orm.hibernate.LongType" />
		<property name="companyId" type="com.liferay.portal.dao.orm.hibernate.LongType" />
		<property name="userId" type="com.liferay.portal.dao.orm.hibernate.LongType" />
		<property name="userName" type="com.liferay.portal.dao.orm.hibernate.StringType" />
		<property name="createDate" type="org.hibernate.type.TimestampType" />
		<property name="modifiedDate" type="org.hibernate.type.TimestampType" />
		<property name="studentId" type="com.liferay.portal.dao.orm.hibernate.LongType" />
		<property name="disciplineCodeId" type="com.liferay.portal.dao.orm.hibernate.LongType" />
		<property name="remarks" type="com.liferay.portal.dao.orm.hibernate.StringType" />
		<property name="eventDate" type="org.hibernate.type.TimestampType" />
		<property name="penaltyCodeId" type="com.liferay.portal.dao.orm.hibernate.LongType" />
	</class>
	<class name="com.qc.qcsms.model.impl.PenaltyCodeImpl" table="qc_PenaltyCode">
		<cache usage="read-write" />
		<id name="penaltyCodeId" type="long">
			<generator class="assigned" />
		</id>
		<property name="uuid" type="com.liferay.portal.dao.orm.hibernate.StringType" column="uuid_" />
		<property name="groupId" type="com.liferay.portal.dao.orm.hibernate.LongType" />
		<property name="companyId" type="com.liferay.portal.dao.orm.hibernate.LongType" />
		<property name="userId" type="com.liferay.portal.dao.orm.hibernate.LongType" />
		<property name="userName" type="com.liferay.portal.dao.orm.hibernate.StringType" />
		<property name="createDate" type="org.hibernate.type.TimestampType" />
		<property name="modifiedDate" type="org.hibernate.type.TimestampType" />
		<property name="assignedCode" type="com.liferay.portal.dao.orm.hibernate.StringType" />
		<property name="description" type="com.liferay.portal.dao.orm.hibernate.StringType" />
	</class>
	<class name="com.qc.qcsms.model.impl.StudentImpl" table="qc_Student">
		<cache usage="read-write" />
		<id name="studentId" type="long">
			<generator class="assigned" />
		</id>
		<property name="uuid" type="com.liferay.portal.dao.orm.hibernate.StringType" column="uuid_" />
		<property name="groupId" type="com.liferay.portal.dao.orm.hibernate.LongType" />
		<property name="companyId" type="com.liferay.portal.dao.orm.hibernate.LongType" />
		<property name="userId" type="com.liferay.portal.dao.orm.hibernate.LongType" />
		<property name="userName" type="com.liferay.portal.dao.orm.hibernate.StringType" />
		<property name="createDate" type="org.hibernate.type.TimestampType" />
		<property name="modifiedDate" type="org.hibernate.type.TimestampType" />
		<property name="classId" type="com.liferay.portal.dao.orm.hibernate.LongType" />
		<property name="studentName" type="com.liferay.portal.dao.orm.hibernate.StringType" />
		<property name="classNo" type="com.liferay.portal.dao.orm.hibernate.IntegerType" />
	</class>
	<class name="com.qc.qcsms.model.impl.StudentClassImpl" table="qc_StudentClass">
		<cache usage="read-write" />
		<id name="classId" type="long">
			<generator class="assigned" />
		</id>
		<property name="uuid" type="com.liferay.portal.dao.orm.hibernate.StringType" column="uuid_" />
		<property name="classCode" type="com.liferay.portal.dao.orm.hibernate.StringType" />
		<property name="groupId" type="com.liferay.portal.dao.orm.hibernate.LongType" />
		<property name="companyId" type="com.liferay.portal.dao.orm.hibernate.LongType" />
		<property name="userId" type="com.liferay.portal.dao.orm.hibernate.LongType" />
		<property name="userName" type="com.liferay.portal.dao.orm.hibernate.StringType" />
		<property name="createDate" type="org.hibernate.type.TimestampType" />
		<property name="modifiedDate" type="org.hibernate.type.TimestampType" />
	</class>
</hibernate-mapping>