<?xml version="1.0"?>

<entity-mappings xmlns="http://java.sun.com/xml/ns/persistence/orm" xmlns:xsi="http://www.w3.org/2001/XMLSchema-instance" version="1.0" xsi:schemaLocation="http://java.sun.com/xml/ns/persistence/orm http://java.sun.com/xml/ns/persistence/orm_1_0.xsd">
	<persistence-unit-metadata>
		<xml-mapping-metadata-complete/>
		<persistence-unit-defaults>
			<access>PROPERTY</access>
		</persistence-unit-defaults>
	</persistence-unit-metadata>
	<mapped-superclass class="com.qc.qcsms.model.impl.AbsenceCodeModelImpl">
		<attributes>
			<id name="absenceCodeId" />
			<basic name="uuid">
				<column name="UUID_" />
			</basic>
			<basic name="groupId" />
			<basic name="companyId" />
			<basic name="userId" />
			<basic name="userName" />
			<basic name="createDate">
				<temporal>TIMESTAMP</temporal>
			</basic>
			<basic name="modifiedDate">
				<temporal>TIMESTAMP</temporal>
			</basic>
			<basic name="assignedCode" />
			<basic name="description" />
			<transient name="modelAttributes" />
			<transient name="primaryKey" />
			<transient name="primaryKeyObj" />
			<transient name="userUuid" />
		</attributes>
	</mapped-superclass>
	<mapped-superclass class="com.qc.qcsms.model.impl.AbsenceEventModelImpl">
		<attributes>
			<id name="absenceEventId" />
			<basic name="uuid">
				<column name="UUID_" />
			</basic>
			<basic name="groupId" />
			<basic name="companyId" />
			<basic name="userId" />
			<basic name="userName" />
			<basic name="createDate">
				<temporal>TIMESTAMP</temporal>
			</basic>
			<basic name="modifiedDate">
				<temporal>TIMESTAMP</temporal>
			</basic>
			<basic name="studentId" />
			<basic name="absenceCodeId" />
			<basic name="absenceDescription" />
			<basic name="absenceDate">
				<temporal>TIMESTAMP</temporal>
			</basic>
			<basic name="wholeDayInd" />
			<transient name="modelAttributes" />
			<transient name="primaryKey" />
			<transient name="primaryKeyObj" />
			<transient name="userUuid" />
		</attributes>
	</mapped-superclass>
	<mapped-superclass class="com.qc.qcsms.model.impl.DisciplineCodeModelImpl">
		<attributes>
			<id name="disciplineCodeId" />
			<basic name="uuid">
				<column name="UUID_" />
			</basic>
			<basic name="groupId" />
			<basic name="companyId" />
			<basic name="userId" />
			<basic name="userName" />
			<basic name="createDate">
				<temporal>TIMESTAMP</temporal>
			</basic>
			<basic name="modifiedDate">
				<temporal>TIMESTAMP</temporal>
			</basic>
			<basic name="assignedCode" />
			<basic name="description" />
			<basic name="severity" />
			<transient name="modelAttributes" />
			<transient name="primaryKey" />
			<transient name="primaryKeyObj" />
			<transient name="userUuid" />
		</attributes>
	</mapped-superclass>
	<mapped-superclass class="com.qc.qcsms.model.impl.DisciplineEventModelImpl">
		<attributes>
			<id name="disciplineEventId" />
			<basic name="uuid">
				<column name="UUID_" />
			</basic>
			<basic name="groupId" />
			<basic name="companyId" />
			<basic name="userId" />
			<basic name="userName" />
			<basic name="createDate">
				<temporal>TIMESTAMP</temporal>
			</basic>
			<basic name="modifiedDate">
				<temporal>TIMESTAMP</temporal>
			</basic>
			<basic name="studentId" />
			<basic name="disciplineCodeId" />
			<basic name="remarks" />
			<basic name="eventDate">
				<temporal>TIMESTAMP</temporal>
			</basic>
			<basic name="penaltyCodeId" />
			<transient name="modelAttributes" />
			<transient name="primaryKey" />
			<transient name="primaryKeyObj" />
			<transient name="userUuid" />
		</attributes>
	</mapped-superclass>
	<mapped-superclass class="com.qc.qcsms.model.impl.PenaltyCodeModelImpl">
		<attributes>
			<id name="penaltyCodeId" />
			<basic name="uuid">
				<column name="UUID_" />
			</basic>
			<basic name="groupId" />
			<basic name="companyId" />
			<basic name="userId" />
			<basic name="userName" />
			<basic name="createDate">
				<temporal>TIMESTAMP</temporal>
			</basic>
			<basic name="modifiedDate">
				<temporal>TIMESTAMP</temporal>
			</basic>
			<basic name="assignedCode" />
			<basic name="description" />
			<transient name="modelAttributes" />
			<transient name="primaryKey" />
			<transient name="primaryKeyObj" />
			<transient name="userUuid" />
		</attributes>
	</mapped-superclass>
	<mapped-superclass class="com.qc.qcsms.model.impl.StudentModelImpl">
		<attributes>
			<id name="studentId" />
			<basic name="uuid">
				<column name="UUID_" />
			</basic>
			<basic name="groupId" />
			<basic name="companyId" />
			<basic name="userId" />
			<basic name="userName" />
			<basic name="createDate">
				<temporal>TIMESTAMP</temporal>
			</basic>
			<basic name="modifiedDate">
				<temporal>TIMESTAMP</temporal>
			</basic>
			<basic name="classId" />
			<basic name="studentName" />
			<basic name="classNo" />
			<transient name="modelAttributes" />
			<transient name="primaryKey" />
			<transient name="primaryKeyObj" />
			<transient name="userUuid" />
		</attributes>
	</mapped-superclass>
	<mapped-superclass class="com.qc.qcsms.model.impl.StudentClassModelImpl">
		<attributes>
			<id name="classId" />
			<basic name="uuid">
				<column name="UUID_" />
			</basic>
			<basic name="classCode" />
			<basic name="groupId" />
			<basic name="companyId" />
			<basic name="userId" />
			<basic name="userName" />
			<basic name="createDate">
				<temporal>TIMESTAMP</temporal>
			</basic>
			<basic name="modifiedDate">
				<temporal>TIMESTAMP</temporal>
			</basic>
			<transient name="modelAttributes" />
			<transient name="primaryKey" />
			<transient name="primaryKeyObj" />
			<transient name="userUuid" />
		</attributes>
	</mapped-superclass>
	<entity class="com.qc.qcsms.model.impl.AbsenceCodeImpl" name="AbsenceCode">
		<table name="qc_AbsenceCode" />
		<attributes />
	</entity>
	<entity class="com.qc.qcsms.model.impl.AbsenceEventImpl" name="AbsenceEvent">
		<table name="qc_AbsenceEvent" />
		<attributes />
	</entity>
	<entity class="com.qc.qcsms.model.impl.DisciplineCodeImpl" name="DisciplineCode">
		<table name="qc_DisciplineCode" />
		<attributes />
	</entity>
	<entity class="com.qc.qcsms.model.impl.DisciplineEventImpl" name="DisciplineEvent">
		<table name="qc_DisciplineEvent" />
		<attributes />
	</entity>
	<entity class="com.qc.qcsms.model.impl.PenaltyCodeImpl" name="PenaltyCode">
		<table name="qc_PenaltyCode" />
		<attributes />
	</entity>
	<entity class="com.qc.qcsms.model.impl.StudentImpl" name="Student">
		<table name="qc_Student" />
		<attributes />
	</entity>
	<entity class="com.qc.qcsms.model.impl.StudentClassImpl" name="StudentClass">
		<table name="qc_StudentClass" />
		<attributes />
	</entity>
</entity-mappings>