<?xml version="1.0"?>
<!DOCTYPE liferay-portlet-app PUBLIC "-//Liferay//DTD Portlet Application 6.2.0//EN" "http://www.liferay.com/dtd/liferay-portlet-app_6_2_0.dtd">

<liferay-portlet-app>
	
	<portlet>
		<portlet-name>qcsms</portlet-name>
		<icon>/icon.png</icon>
		<header-portlet-css>/css/main.css</header-portlet-css>
		<footer-portlet-javascript>
			/js/main.js
		</footer-portlet-javascript>
		<css-class-wrapper>qcsms-portlet</css-class-wrapper>
	</portlet>
	<portlet>
		<portlet-name>student-class-admin</portlet-name>
		<icon>/icon.png</icon>
		<control-panel-entry-category>
			site_administration.content
		</control-panel-entry-category>
		<control-panel-entry-weight>1.5</control-panel-entry-weight>
		<header-portlet-css>/css/main.css</header-portlet-css>
		<footer-portlet-javascript>
			/js/main.js
		</footer-portlet-javascript>
		<css-class-wrapper>
			student-class-admin-portlet
		</css-class-wrapper>
	</portlet>
	<portlet>
		<portlet-name>student-admin</portlet-name>
		<icon>/icon.png</icon>
		<header-portlet-css>/css/main.css</header-portlet-css>
		<footer-portlet-javascript>
			/js/main.js
		</footer-portlet-javascript>
		<css-class-wrapper>student-admin-portlet</css-class-wrapper>
	</portlet>
	<portlet>
		<portlet-name>discipline-code-admin</portlet-name>
		<icon>/icon.png</icon>
		<control-panel-entry-category>
			site_administration.content
		</control-panel-entry-category>
		<control-panel-entry-weight>1.5</control-panel-entry-weight>
		<header-portlet-css>/css/main.css</header-portlet-css>
		<footer-portlet-javascript>
			/js/main.js
		</footer-portlet-javascript>
		<css-class-wrapper>
			discipline-code-admin-portlet
		</css-class-wrapper>
	</portlet>
	<portlet>
		<portlet-name>discipline-event-admin</portlet-name>
		<icon>/icon.png</icon>
		<header-portlet-css>/css/main.css</header-portlet-css>
		<footer-portlet-javascript>
			/js/main.js
		</footer-portlet-javascript>
		<css-class-wrapper>discipline-event-admin-portlet</css-class-wrapper>
	</portlet>
	<portlet>
		<portlet-name>penalty-code-admin</portlet-name>
		<icon>/icon.png</icon>
		<control-panel-entry-category>
			site_administration.content
		</control-panel-entry-category>
		<control-panel-entry-weight>1.5</control-panel-entry-weight>
		<header-portlet-css>/css/main.css</header-portlet-css>
		<footer-portlet-javascript>
			/js/main.js
		</footer-portlet-javascript>
		<css-class-wrapper>
			penalty-code-admin-portlet
		</css-class-wrapper>
	</portlet>
	<portlet>
		<portlet-name>absence-code-admin</portlet-name>
		<icon>/icon.png</icon>
		<control-panel-entry-category>
			site_administration.content
		</control-panel-entry-category>
		<control-panel-entry-weight>1.5</control-panel-entry-weight>
		<header-portlet-css>/css/main.css</header-portlet-css>
		<footer-portlet-javascript>
			/js/main.js
		</footer-portlet-javascript>
		<css-class-wrapper>
			absence-code-admin-portlet
		</css-class-wrapper>
	</portlet>
	<portlet>
		<portlet-name>absence-event-admin</portlet-name>
		<icon>/icon.png</icon>
		<header-portlet-css>/css/main.css</header-portlet-css>
		<footer-portlet-javascript>
			/js/main.js
		</footer-portlet-javascript>
		<css-class-wrapper>
			absence-event-admin-portlet
		</css-class-wrapper>
	</portlet>
	<role-mapper>
		<role-name>administrator</role-name>
		<role-link>Administrator</role-link>
	</role-mapper>
	<role-mapper>
		<role-name>guest</role-name>
		<role-link>Guest</role-link>
	</role-mapper>
	<role-mapper>
		<role-name>power-user</role-name>
		<role-link>Power User</role-link>
	</role-mapper>
	<role-mapper>
		<role-name>user</role-name>
		<role-link>User</role-link>
	</role-mapper>
</liferay-portlet-app>