<?xml version="1.0"?>
<!DOCTYPE display PUBLIC "-//Liferay//DTD Display 6.2.0//EN" "http://www.liferay.com/dtd/liferay-display_6_2_0.dtd">

<display>
	<category name="category.tools">
		<portlet id="qcsms"></portlet>
		<portlet id="student-admin"></portlet>
		<portlet id="discipline-event-admin"></portlet>
		<portlet id="absence-event-admin"></portlet>
	</category>
	<category name="category.content">
		<portlet id="student-class-admin"></portlet>
		<portlet id="discipline-code-admin"></portlet>
		<portlet id="penalty-code-admin"></portlet>
		<portlet id="absence-code-admin"></portlet>
	</category>
</display>