<?xml version="1.0"?>

<portlet-app xmlns="http://java.sun.com/xml/ns/portlet/portlet-app_2_0.xsd" xmlns:xsi="http://www.w3.org/2001/XMLSchema-instance" xsi:schemaLocation="http://java.sun.com/xml/ns/portlet/portlet-app_2_0.xsd http://java.sun.com/xml/ns/portlet/portlet-app_2_0.xsd" version="2.0">
	
	<portlet>
		<portlet-name>qcsms</portlet-name>
		<display-name>Qcsms</display-name>
		<portlet-class>com.qc.portlet.QCSMSPortlet</portlet-class>
		<init-param>
			<name>view-template</name>
			<value>/html/qcsms/view.jsp</value>
		</init-param>
		<expiration-cache>0</expiration-cache>
		<supports>
			<mime-type>text/html</mime-type>
			<portlet-mode>view</portlet-mode>
		</supports>
		<portlet-info>
			<title>Qcsms</title>
			<short-title>Qcsms</short-title>
			<keywords></keywords>
		</portlet-info>
		<security-role-ref>
			<role-name>administrator</role-name>
		</security-role-ref>
		<security-role-ref>
			<role-name>guest</role-name>
		</security-role-ref>
		<security-role-ref>
			<role-name>power-user</role-name>
		</security-role-ref>
		<security-role-ref>
			<role-name>user</role-name>
		</security-role-ref>
	</portlet>
	<portlet>
		<portlet-name>student-class-admin</portlet-name>
		<display-name>Student Class Admin</display-name>
		<portlet-class>
			com.qc.portlet.StudentClassAdminPortlet
		</portlet-class>
		<init-param>
			<name>view-template</name>
			<value>/html/studentclassadmin/view.jsp</value>
		</init-param>
		<expiration-cache>0</expiration-cache>
		<supports>
			<mime-type>text/html</mime-type>
			<portlet-mode>view</portlet-mode>
		</supports>
		<portlet-info>
			<title>Student Class Admin</title>
			<short-title>Student Class Admin</short-title>
			<keywords></keywords>
		</portlet-info>
		<security-role-ref>
			<role-name>administrator</role-name>
		</security-role-ref>
		<security-role-ref>
			<role-name>guest</role-name>
		</security-role-ref>
		<security-role-ref>
			<role-name>power-user</role-name>
		</security-role-ref>
		<security-role-ref>
			<role-name>user</role-name>
		</security-role-ref>
	</portlet>
	<portlet>
		<portlet-name>student-admin</portlet-name>
		<display-name>Student Admin</display-name>
		<portlet-class>com.qc.portlet.StudentAdminPortlet</portlet-class>
		<init-param>
			<name>view-template</name>
			<value>/html/studentadmin/view.jsp</value>
		</init-param>
		<expiration-cache>0</expiration-cache>
		<supports>
			<mime-type>text/html</mime-type>
			<portlet-mode>view</portlet-mode>
		</supports>
		<portlet-info>
			<title>Student Admin</title>
			<short-title>Student Admin</short-title>
			<keywords></keywords>
		</portlet-info>
		<security-role-ref>
			<role-name>administrator</role-name>
		</security-role-ref>
		<security-role-ref>
			<role-name>guest</role-name>
		</security-role-ref>
		<security-role-ref>
			<role-name>power-user</role-name>
		</security-role-ref>
		<security-role-ref>
			<role-name>user</role-name>
		</security-role-ref>
	</portlet>
	<portlet>
		<portlet-name>discipline-code-admin</portlet-name>
		<display-name>Discipline Code Admin</display-name>
		<portlet-class>
			com.qc.portlet.DisciplineCodeAdminPortlet
		</portlet-class>
		<init-param>
			<name>view-template</name>
			<value>/html/disciplinecodeadmin/view.jsp</value>
		</init-param>
		<expiration-cache>0</expiration-cache>
		<supports>
			<mime-type>text/html</mime-type>
			<portlet-mode>view</portlet-mode>
		</supports>
		<portlet-info>
			<title>Discipline Code Admin</title>
			<short-title>Discipline Code Admin</short-title>
			<keywords></keywords>
		</portlet-info>
		<security-role-ref>
			<role-name>administrator</role-name>
		</security-role-ref>
		<security-role-ref>
			<role-name>guest</role-name>
		</security-role-ref>
		<security-role-ref>
			<role-name>power-user</role-name>
		</security-role-ref>
		<security-role-ref>
			<role-name>user</role-name>
		</security-role-ref>
	</portlet>
	<portlet>
		<portlet-name>discipline-event-admin</portlet-name>
		<display-name>Discipline Event Admin</display-name>
		<portlet-class>
			com.qc.portlet.DisciplineEventAdminPortlet
		</portlet-class>
		<init-param>
			<name>view-template</name>
			<value>/html/disciplineeventadmin/view.jsp</value>
		</init-param>
		<expiration-cache>0</expiration-cache>
		<supports>
			<mime-type>text/html</mime-type>
			<portlet-mode>view</portlet-mode>
		</supports>
		<portlet-info>
			<title>Discipline Event Admin</title>
			<short-title>Discipline Event Admin</short-title>
			<keywords></keywords>
		</portlet-info>
		<security-role-ref>
			<role-name>administrator</role-name>
		</security-role-ref>
		<security-role-ref>
			<role-name>guest</role-name>
		</security-role-ref>
		<security-role-ref>
			<role-name>power-user</role-name>
		</security-role-ref>
		<security-role-ref>
			<role-name>user</role-name>
		</security-role-ref>
	</portlet>
	<portlet>
		<portlet-name>penalty-code-admin</portlet-name>
		<display-name>Penalty Code Admin</display-name>
		<portlet-class>
			com.qc.portlet.PenaltyCodeAdminPortlet
		</portlet-class>
		<init-param>
			<name>view-template</name>
			<value>/html/penaltycodeadmin/view.jsp</value>
		</init-param>
		<expiration-cache>0</expiration-cache>
		<supports>
			<mime-type>text/html</mime-type>
			<portlet-mode>view</portlet-mode>
		</supports>
		<portlet-info>
			<title>Penalty Code Admin</title>
			<short-title>Penalty Code Admin</short-title>
			<keywords></keywords>
		</portlet-info>
		<security-role-ref>
			<role-name>administrator</role-name>
		</security-role-ref>
		<security-role-ref>
			<role-name>guest</role-name>
		</security-role-ref>
		<security-role-ref>
			<role-name>power-user</role-name>
		</security-role-ref>
		<security-role-ref>
			<role-name>user</role-name>
		</security-role-ref>
	</portlet>
	<portlet>
		<portlet-name>absence-code-admin</portlet-name>
		<display-name>Absence Code Admin</display-name>
		<portlet-class>
			com.qc.portlet.AbsenceCodeAdminPortlet
		</portlet-class>
		<init-param>
			<name>view-template</name>
			<value>/html/absencecodeadmin/view.jsp</value>
		</init-param>
		<expiration-cache>0</expiration-cache>
		<supports>
			<mime-type>text/html</mime-type>
			<portlet-mode>view</portlet-mode>
		</supports>
		<portlet-info>
			<title>Absence Code Admin</title>
			<short-title>Absence Code Admin</short-title>
			<keywords></keywords>
		</portlet-info>
		<security-role-ref>
			<role-name>administrator</role-name>
		</security-role-ref>
		<security-role-ref>
			<role-name>guest</role-name>
		</security-role-ref>
		<security-role-ref>
			<role-name>power-user</role-name>
		</security-role-ref>
		<security-role-ref>
			<role-name>user</role-name>
		</security-role-ref>
	</portlet>
	<portlet>
		<portlet-name>absence-event-admin</portlet-name>
		<display-name>Absence Event Admin</display-name>
		<portlet-class>
			com.qc.portlet.AbsenceEventAdminPortlet
		</portlet-class>
		<init-param>
			<name>view-template</name>
			<value>/html/absenceeventadmin/view.jsp</value>
		</init-param>
		<expiration-cache>0</expiration-cache>
		<supports>
			<mime-type>text/html</mime-type>
			<portlet-mode>view</portlet-mode>
		</supports>
		<portlet-info>
			<title>Absence Event Admin</title>
			<short-title>Absence Event Admin</short-title>
			<keywords></keywords>
		</portlet-info>
		<security-role-ref>
			<role-name>administrator</role-name>
		</security-role-ref>
		<security-role-ref>
			<role-name>guest</role-name>
		</security-role-ref>
		<security-role-ref>
			<role-name>power-user</role-name>
		</security-role-ref>
		<security-role-ref>
			<role-name>user</role-name>
		</security-role-ref>
	</portlet>
</portlet-app>