<?xml version="1.0" encoding="UTF-8"?>
<!DOCTYPE service-builder PUBLIC "-//Liferay//DTD Service Builder 6.2.0//EN" "http://www.liferay.com/dtd/liferay-service-builder_6_2_0.dtd">
<service-builder package-path="com.qc.qcsms">
	<author>teddyku</author>
    <namespace>qc</namespace>
	<entity name="StudentClass" local-service="true" remote-service="false"
		uuid="true" uuid-accessor="true">


		<!-- PK fields -->

		<column name="classId" type="long" primary="true"></column>

		<!-- Group instance -->
        <column name="classCode" type="String"></column>

		<column name="groupId" type="long"></column>

		<!-- Audit fields -->

		<column name="companyId" type="long"></column>
		<column name="userId" type="long"></column>
		<column name="userName" type="String"></column>
		<column name="createDate" type="Date"></column>
		<column name="modifiedDate" type="Date"></column>
        <order by="asc">
            <order-column name="classCode" order-by="asc"></order-column>
        </order>
        <finder name="GroupId" return-type="Collection">
            <finder-column name="groupId"></finder-column>
        </finder>
        <finder name="ClassCode" return-type="Collection">
            <finder-column name="classCode"></finder-column>
        </finder>
	</entity>
	<entity name="Student" uuid="true" uuid-accessor="true" local-service="true" remote-service="false">

		<!-- PK fields -->

		<!-- Group instance -->

		<column name="groupId" type="long"></column>

		<!-- Audit fields -->

		<column name="companyId" type="long"></column>
		<column name="userId" type="long"></column>
		<column name="userName" type="String"></column>
		<column name="createDate" type="Date"></column>
		<column name="modifiedDate" type="Date"></column>
        <column name="studentId" type="long" primary="true"></column>
        <column name="classId" type="long"></column>
        <column name="studentName" type="String"></column>
        <column name="classNo" type="int"></column>
        <order by="asc">
            <order-column name="classNo" order-by="asc"></order-column>
        </order>
        <finder name="GroupId" return-type="Collection">
            <finder-column name="groupId"></finder-column>
        </finder>
        <finder name="ClassId" return-type="Collection">
            <finder-column name="classId"></finder-column>
        </finder>
        <finder name="ClassNo" return-type="Student" unique="false">
            <finder-column name="classId"></finder-column>
            <finder-column name="classNo"></finder-column>
        </finder>
	</entity>
	<entity name="DisciplineCode" local-service="true"
		remote-service="false" uuid="true" uuid-accessor="true">

		<!-- PK fields -->

		<column name="disciplineCodeId" type="long" primary="true"></column>

		<!-- Group instance -->

		<column name="groupId" type="long"></column>

		<!-- Audit fields -->

		<column name="companyId" type="long"></column>
		<column name="userId" type="long"></column>
		<column name="userName" type="String"></column>
		<column name="createDate" type="Date"></column>
		<column name="modifiedDate" type="Date"></column>
        <column name="assignedCode" type="String"></column>
        <column name="description" type="String"></column>
        <column name="severity" type="String"></column>
        <order by="asc">
            <order-column name="assignedCode" order-by="asc"></order-column>
        </order>
        <finder name="GroupId" return-type="Collection">
            <finder-column name="groupId"></finder-column>
        </finder>
        <finder name="AssignedCode" return-type="DisciplineCode">
            <finder-column name="assignedCode"></finder-column>
        </finder>
        <finder name="Severity" return-type="Collection">
            <finder-column name="severity"></finder-column>
        </finder>
	</entity>
	<entity name="DisciplineEvent" local-service="true"
		remote-service="false" uuid="true" uuid-accessor="true">

		<!-- PK fields -->

		<column name="disciplineEventId" type="long" primary="true"></column>

		<!-- Group instance -->

		<column name="groupId" type="long"></column>

		<!-- Audit fields -->

		<column name="companyId" type="long"></column>
		<column name="userId" type="long"></column>
		<column name="userName" type="String"></column>
		<column name="createDate" type="Date"></column>
		<column name="modifiedDate" type="Date"></column>
        <column name="studentId" type="long"></column>
        <column name="disciplineCodeId" type="long"></column>
        <column name="remarks" type="String"></column>
        <column name="eventDate" type="Date"></column>
        <column name="penaltyCodeId" type="long"></column>
        <order by="asc">
            <order-column name="eventDate" order-by="desc"></order-column>
        </order>
        <finder name="GroupId" return-type="Collection">
            <finder-column name="groupId"></finder-column>
        </finder>
        <finder name="StudentId" return-type="Collection">
            <finder-column name="studentId"></finder-column>
        </finder>
        <finder name="DisciplineCode" return-type="Collection">
            <finder-column name="disciplineCodeId"></finder-column>
        </finder>
        <finder name="EventDate" return-type="Collection">
            <finder-column name="eventDate"></finder-column>
        </finder>
        <finder name="PenaltyCode" return-type="Collection">
            <finder-column name="penaltyCodeId"></finder-column>
        </finder>
	</entity>
	<entity name="PenaltyCode" local-service="true"
		remote-service="false" uuid="true" uuid-accessor="true">

		<!-- PK fields -->

		<column name="penaltyCodeId" type="long" primary="true"></column>

		<!-- Group instance -->

		<column name="groupId" type="long"></column>

		<!-- Audit fields -->

		<column name="companyId" type="long"></column>
		<column name="userId" type="long"></column>
		<column name="userName" type="String"></column>
		<column name="createDate" type="Date"></column>
		<column name="modifiedDate" type="Date"></column>
        <column name="assignedCode" type="String"></column>
        <column name="description" type="String"></column>
        <order by="asc">
            <order-column name="assignedCode" order-by="asc"></order-column>
        </order>
        <finder name="GroupId" return-type="Collection">
            <finder-column name="groupId"></finder-column>
        </finder>
        <finder name="AssignedCode" return-type="PenaltyCode">
            <finder-column name="assignedCode"></finder-column>
        </finder>
	</entity>
	<entity name="AbsenceCode" local-service="true"
		remote-service="false" uuid="true" uuid-accessor="true">

		<!-- PK fields -->

		<column name="absenceCodeId" type="long" primary="true"></column>

		<!-- Group instance -->

		<column name="groupId" type="long"></column>

		<!-- Audit fields -->

		<column name="companyId" type="long"></column>
		<column name="userId" type="long"></column>
		<column name="userName" type="String"></column>
		<column name="createDate" type="Date"></column>
		<column name="modifiedDate" type="Date"></column>
        <column name="assignedCode" type="String"></column>
        <column name="description" type="String"></column>
        <order by="asc">
            <order-column name="assignedCode" order-by="asc"></order-column>
        </order>
        <finder name="GroupId" return-type="Collection">
            <finder-column name="groupId"></finder-column>
        </finder>
        <finder name="AssignedCode" return-type="AbsenceCode">
            <finder-column name="assignedCode"></finder-column>
        </finder>
	</entity>
	<entity name="AbsenceEvent" local-service="true"
		remote-service="false" uuid="true" uuid-accessor="true">

		<!-- PK fields -->

		<column name="absenceEventId" type="long" primary="true"></column>

		<!-- Group instance -->

		<column name="groupId" type="long"></column>

		<!-- Audit fields -->

		<column name="companyId" type="long"></column>
		<column name="userId" type="long"></column>
		<column name="userName" type="String"></column>
		<column name="createDate" type="Date"></column>
		<column name="modifiedDate" type="Date"></column>
        <column name="studentId" type="long"></column>
        <column name="absenceCodeId" type="long"></column>
        <column name="absenceDescription" type="String"></column>
        <column name="absenceDate" type="Date"></column>
        <column name="wholeDayInd" type="String"></column>
        <order by="asc">
            <order-column name="absenceDate" order-by="desc"></order-column>
            <order-column name="absenceCodeId" order-by="asc"></order-column>
        </order>
        <finder name="GroupId" return-type="Collection">
            <finder-column name="groupId"></finder-column>
        </finder>
        <finder name="AbsenceDate" return-type="Collection">
            <finder-column name="absenceDate"></finder-column>
        </finder>
        <finder name="StudentId" return-type="Collection">
            <finder-column name="studentId"></finder-column>
        </finder>
        <finder name="AbsenceCodeId" return-type="Collection">
            <finder-column name="absenceCodeId"></finder-column>
        </finder>
	</entity>
	<exceptions>
        <exception>ClassCode</exception>
        <exception>FormClass</exception>
        <exception>StudentName</exception>
        <exception>ClassNo</exception>
        <exception>ClassId</exception>
        <exception>ClassNoUnique</exception>
        <exception>DisciplineCode</exception>
        <exception>DisciplineSeverity</exception>
        <exception>DisciplineDescription</exception>
        <exception>DisciplineCodeUnique</exception>
        <exception>DisciplineCodeLength</exception>
        <exception>DisciplineDescriptionLength</exception>
        <exception>ClassCodeLength</exception>
        <exception>StudentNameLength</exception>
        <exception>DisciplineEventDate</exception>
        <exception>DisciplineEventRemarksLength</exception>
        <exception>PenaltyCode</exception>
        <exception>PenaltyCodeLength</exception>
        <exception>PenaltyCodeUnique</exception>
        <exception>PenaltyDescription</exception>
        <exception>PenaltyDescriptionLength</exception>
        <exception>PenaltyEventDescription</exception>
        <exception>PenaltyEventDescriptionLength</exception>
        <exception>PenaltyEventRemarksLength</exception>
        <exception>PenaltyEventDate</exception>
        <exception>PenaltyEventStudentLearningLogInd</exception>
        <exception>PenaltyEventWebSAMSInd</exception>
        <exception>PenaltyEventBrightFutureCompletedInd</exception>
        <exception>PenaltyEventCopyReturnedInd</exception>
        <exception>PenaltyEventStudentDisciplineEventMismatch</exception>
        <exception>AbsenceCode</exception>
        <exception>AbsenceCodeLength</exception>
        <exception>AbsenceDescription</exception>
        <exception>AbsenceDescriptionLength</exception>
        <exception>AbsenceCodeUnique</exception>
        <exception>AbsenceEventDescriptionLength</exception>
        <exception>AbsenceEventDate</exception>
        <exception>AbsenceEventWholeDayInd</exception>
    </exceptions>
</service-builder>