<?xml version="1.0"?>
<!DOCTYPE resource-action-mapping PUBLIC "-//Liferay//DTD Resource Action Mapping 6.2.0//EN"
"http://www.liferay.com/dtd/liferay-resource-action-mapping_6_2_0.dtd">

<resource-action-mapping>
	<portlet-resource>
	    <portlet-name>qcsms</portlet-name>
	    <permissions>
	        <supports>
	            <action-key>ADD_TO_PAGE</action-key>
	            <action-key>CONFIGURATION</action-key>
	            <action-key>VIEW</action-key>
	        </supports>
	        <site-member-defaults>
	            <action-key>ADD_TO_PAGE</action-key>
	            <action-key>CONFIGURATION</action-key>
	            <action-key>VIEW</action-key>
	        </site-member-defaults>
	        <guest-defaults />
	        <guest-unsupported>
	            <action-key>ADD_TO_PAGE</action-key>
	            <action-key>CONFIGURATION</action-key>
	            <action-key>VIEW</action-key>
	        </guest-unsupported>
	    </permissions>
	</portlet-resource>
	<model-resource>
	    <model-name>com.qc.qcsms.model</model-name>
	    <portlet-ref>
	        <portlet-name>qcsms</portlet-name>
	    </portlet-ref>
	    <permissions>
	        <supports>
	            <action-key>ADD_STUDENTCLASS</action-key>
	            <action-key>ADD_STUDENT</action-key>
	            <action-key>ADD_DISCIPLINECODE</action-key>
	            <action-key>ADD_DISCIPLINEEVENT</action-key>
	            <action-key>ADD_PENALTYCODE</action-key>
	            <action-key>ADD_PENALTYEVENT</action-key>
	            <action-key>ADD_ABSENCECODE</action-key>
	            <action-key>ADD_ABSENCEEVENT</action-key>
	        </supports>
	        <site-member-defaults>
	            <action-key>ADD_STUDENTCLASS</action-key>
	            <action-key>ADD_STUDENT</action-key>
	            <action-key>ADD_DISCIPLINECODE</action-key>
	            <action-key>ADD_DISCIPLINEEVENT</action-key>
	            <action-key>ADD_PENALTYCODE</action-key>
	            <action-key>ADD_PENALTYEVENT</action-key>
	            <action-key>ADD_ABSENCECODE</action-key>
	            <action-key>ADD_ABSENCEEVENT</action-key>
	        </site-member-defaults>
	        <guest-defaults />
	        <guest-unsupported>
	            <action-key>ADD_STUDENTCLASS</action-key>
	            <action-key>ADD_STUDENT</action-key>
	            <action-key>ADD_DISCIPLINECODE</action-key>
	            <action-key>ADD_DISCIPLINEEVENT</action-key>
	            <action-key>ADD_PENALTYCODE</action-key>
	            <action-key>ADD_ABSENCECODE</action-key>
	            <action-key>ADD_ABSENCEEVENT</action-key>
	        </guest-unsupported>
	    </permissions>
	</model-resource>
	<model-resource>
	    <model-name>com.qc.qcsms.model.StudentClass</model-name>
	    <portlet-ref>
	        <portlet-name>qcsms</portlet-name>
	    </portlet-ref>
	    <permissions>
	        <supports>
	            <action-key>ADD_STUDENTCLASS</action-key>
	            <action-key>DELETE</action-key>
	            <action-key>PERMISSIONS</action-key>
	            <action-key>UPDATE</action-key>
	            <action-key>VIEW</action-key>
	        </supports>
	        <site-member-defaults>
	            <action-key>ADD_STUDENTCLASS</action-key>
	            <action-key>DELETE</action-key>
	            <action-key>PERMISSIONS</action-key>
	            <action-key>UPDATE</action-key>
	            <action-key>VIEW</action-key>
	        </site-member-defaults>
	        <guest-defaults />
	        <guest-unsupported>
	            <action-key>ADD_STUDENTCLASS</action-key>
	            <action-key>DELETE</action-key>
	            <action-key>PERMISSIONS</action-key>
	            <action-key>UPDATE</action-key>
	            <action-key>VIEW</action-key>
	        </guest-unsupported>
	    </permissions>
	</model-resource>
	<model-resource>
	    <model-name>com.qc.qcsms.model.Student</model-name>
	    <portlet-ref>
	        <portlet-name>qcsms</portlet-name>
	    </portlet-ref>
	    <permissions>
	        <supports>
	            <action-key>ADD_STUDENT</action-key>
	            <action-key>LOG_DISCIPLINEEVENT</action-key>
	            <action-key>LOG_ABSENCEEVENT</action-key>
	            <action-key>DELETE</action-key>
	            <action-key>PERMISSIONS</action-key>
	            <action-key>UPDATE</action-key>
	            <action-key>VIEW</action-key>
	        </supports>
	        <site-member-defaults>
	            <action-key>ADD_STUDENT</action-key>
	            <action-key>LOG_DISCIPLINEEVENT</action-key>
	            <action-key>LOG_ABSENCEEVENT</action-key>
	            <action-key>DELETE</action-key>
	            <action-key>PERMISSIONS</action-key>
	            <action-key>UPDATE</action-key>
	            <action-key>VIEW</action-key>
	        </site-member-defaults>
	        <guest-defaults>
	        </guest-defaults>
	        <guest-unsupported>
	        	<action-key>ADD_STUDENT</action-key>
	            <action-key>LOG_DISCIPLINEEVENT</action-key>
	            <action-key>LOG_ABSENCEEVENT</action-key>
	        	<action-key>DELETE</action-key>
	        	<action-key>PERMISSIONS</action-key>
	            <action-key>UPDATE</action-key>
	            <action-key>VIEW</action-key>
	        </guest-unsupported>
	    </permissions>
	</model-resource>
	<model-resource>
	    <model-name>com.qc.qcsms.model.DisciplineCode</model-name>
	    <portlet-ref>
	        <portlet-name>qcsms</portlet-name>
	    </portlet-ref>
	    <permissions>
	        <supports>
	            <action-key>ADD_DISCIPLINECODE</action-key>
	            <action-key>DELETE</action-key>
	            <action-key>PERMISSIONS</action-key>
	            <action-key>UPDATE</action-key>
	            <action-key>VIEW</action-key>
	        </supports>
	        <site-member-defaults>
	            <action-key>ADD_DISCIPLINECODE</action-key>
	            <action-key>DELETE</action-key>
	            <action-key>PERMISSIONS</action-key>
	            <action-key>UPDATE</action-key>
	            <action-key>VIEW</action-key>
	        </site-member-defaults>
	        <guest-defaults>
	        </guest-defaults>
	        <guest-unsupported>
	        	<action-key>ADD_DISCIPLINECODE</action-key>
	        	<action-key>DELETE</action-key>
	        	<action-key>PERMISSIONS</action-key>
	            <action-key>UPDATE</action-key>
	            <action-key>VIEW</action-key>
	        </guest-unsupported>
	    </permissions>
	</model-resource>
	<model-resource>
	    <model-name>com.qc.qcsms.model.DisciplineEvent</model-name>
	    <portlet-ref>
	        <portlet-name>qcsms</portlet-name>
	    </portlet-ref>
	    <permissions>
	        <supports>
	            <action-key>ADD_DISCIPLINEEVENT</action-key>
	            <action-key>DELETE</action-key>
	            <action-key>PERMISSIONS</action-key>
	            <action-key>UPDATE</action-key>
	            <action-key>VIEW</action-key>
	        </supports>
	        <site-member-defaults>
	            <action-key>ADD_DISCIPLINEEVENT</action-key>
	            <action-key>DELETE</action-key>
	            <action-key>PERMISSIONS</action-key>
	            <action-key>UPDATE</action-key>
	            <action-key>VIEW</action-key>
	        </site-member-defaults>
	        <guest-defaults>
	        </guest-defaults>
	        <guest-unsupported>
	        	<action-key>ADD_DISCIPLINEEVENT</action-key>
	        	<action-key>DELETE</action-key>
	        	<action-key>PERMISSIONS</action-key>
	            <action-key>UPDATE</action-key>
	            <action-key>VIEW</action-key>
	        </guest-unsupported>
	    </permissions>
	</model-resource>
	<model-resource>
	    <model-name>com.qc.qcsms.model.PenaltyCode</model-name>
	    <portlet-ref>
	        <portlet-name>qcsms</portlet-name>
	    </portlet-ref>
	    <permissions>
	        <supports>
	            <action-key>ADD_PENALTYCODE</action-key>
	            <action-key>DELETE</action-key>
	            <action-key>PERMISSIONS</action-key>
	            <action-key>UPDATE</action-key>
	            <action-key>VIEW</action-key>
	        </supports>
	        <site-member-defaults>
	            <action-key>ADD_PENALTYCODE</action-key>
	            <action-key>DELETE</action-key>
	            <action-key>PERMISSIONS</action-key>
	            <action-key>UPDATE</action-key>
	            <action-key>VIEW</action-key>
	        </site-member-defaults>
	        <guest-defaults>
	        </guest-defaults>
	        <guest-unsupported>
	        	<action-key>ADD_PENALTYCODE</action-key>
	        	<action-key>DELETE</action-key>
	        	<action-key>PERMISSIONS</action-key>
	            <action-key>UPDATE</action-key>
	            <action-key>VIEW</action-key>
	        </guest-unsupported>
	    </permissions>
	</model-resource>
	<model-resource>
	    <model-name>com.qc.qcsms.model.AbsenceCode</model-name>
	    <portlet-ref>
	        <portlet-name>qcsms</portlet-name>
	    </portlet-ref>
	    <permissions>
	        <supports>
	            <action-key>ADD_ABSENCECODE</action-key>
	            <action-key>DELETE</action-key>
	            <action-key>PERMISSIONS</action-key>
	            <action-key>UPDATE</action-key>
	            <action-key>VIEW</action-key>
	        </supports>
	        <site-member-defaults>
	            <action-key>ADD_ABSENCECODE</action-key>
	            <action-key>DELETE</action-key>
	            <action-key>PERMISSIONS</action-key>
	            <action-key>UPDATE</action-key>
	            <action-key>VIEW</action-key>
	        </site-member-defaults>
	        <guest-defaults>
	        </guest-defaults>
	        <guest-unsupported>
	            <action-key>ADD_ABSENCECODE</action-key>
	        	<action-key>DELETE</action-key>
	        	<action-key>PERMISSIONS</action-key>
	            <action-key>UPDATE</action-key>
	            <action-key>VIEW</action-key>
	        </guest-unsupported>
	    </permissions>
	</model-resource>
	<model-resource>
	    <model-name>com.qc.qcsms.model.AbsenceEvent</model-name>
	    <portlet-ref>
	        <portlet-name>qcsms</portlet-name>
	    </portlet-ref>
	    <permissions>
	        <supports>
	            <action-key>ADD_ABSENCEEVENT</action-key>
	            <action-key>DELETE</action-key>
	            <action-key>PERMISSIONS</action-key>
	            <action-key>UPDATE</action-key>
	            <action-key>VIEW</action-key>
	        </supports>
	        <site-member-defaults>
	            <action-key>ADD_ABSENCEEVENT</action-key>
	            <action-key>DELETE</action-key>
	            <action-key>PERMISSIONS</action-key>
	            <action-key>UPDATE</action-key>
	            <action-key>VIEW</action-key>
	        </site-member-defaults>
	        <guest-defaults>
	        </guest-defaults>
	        <guest-unsupported>
	            <action-key>ADD_ABSENCEEVENT</action-key>
	        	<action-key>DELETE</action-key>
	        	<action-key>PERMISSIONS</action-key>
	            <action-key>UPDATE</action-key>
	            <action-key>VIEW</action-key>
	        </guest-unsupported>
	    </permissions>
	</model-resource>
</resource-action-mapping>
	